Date,Open,High,Low,Close,Volume,Dividend,Split,Adj_Open,Adj_High,Adj_Low,Adj_Close,Adj_Volume
1985-12-31,85.0,85.5,84.5,84.5,149500.0,0.0,1.0,0.8619589452507374,0.8670292919875064,0.8568885985139683,0.8568885985139683,7176000.0
1985-12-30,84.5,85.25,84.0,85.0,150700.0,0.0,1.0,0.8568885985139683,0.8644941186191218,0.8518182517771993,0.8619589452507374,7233600.0
1985-12-27,84.0,84.62,84.0,84.5,192900.0,0.0,1.0,0.8518182517771993,0.8581054817307929,0.8518182517771993,0.8568885985139683,9259200.0
1985-12-26,83.5,84.12,83.5,83.63,101100.0,0.0,1.0,0.8467479050404302,0.8530351349940238,0.8467479050404302,0.8480661951919901,4852800.0
1985-12-24,84.12,84.12,83.25,83.5,127800.0,0.0,1.0,0.8530351349940238,0.8530351349940238,0.8442127316720457,0.8467479050404302,6134400.0
1985-12-23,84.75,84.75,83.63,84.12,245200.0,0.0,1.0,0.8594237718823529,0.8594237718823529,0.8480661951919901,0.8530351349940238,11769600.0
1985-12-20,85.62,86.38,84.75,84.75,551400.0,0.0,1.0,0.868246175204331,0.8759531022442199,0.8594237718823529,0.8594237718823529,26467200.0
1985-12-19,86.63,87.25,85.5,85.62,428800.0,0.0,1.0,0.8784882756126043,0.884775505566198,0.8670292919875064,0.868246175204331,20582400.0
1985-12-18,87.12,88.25,86.25,86.63,558700.0,0.0,1.0,0.8834572154146382,0.8949161990397362,0.8746348120926599,0.8784882756126043,26817600.0
1985-12-17,88.0,88.13,87.12,87.12,334000.0,0.0,1.0,0.8923810256713516,0.8936993158229115,0.8834572154146382,0.8834572154146382,16032000.0
1985-12-16,86.25,88.25,85.25,88.0,734300.0,0.0,1.0,0.8746348120926599,0.8949161990397362,0.8644941186191218,0.8923810256713516,35246400.0
1985-12-13,85.25,86.75,85.25,86.25,370000.0,0.0,1.0,0.8644941186191218,0.879705158829429,0.8644941186191218,0.8746348120926599,17760000.0
1985-12-12,86.25,86.38,84.75,84.75,257200.0,0.0,1.0,0.8746348120926599,0.8759531022442199,0.8594237718823529,0.8594237718823529,12345600.0
1985-12-11,85.38,86.63,85.38,86.25,532600.0,0.0,1.0,0.8658124087706818,0.8784882756126043,0.8658124087706818,0.8746348120926599,25564800.0
1985-12-10,84.62,85.75,84.62,85.38,488000.0,0.0,1.0,0.8581054817307929,0.8695644653558909,0.8581054817307929,0.8658124087706818,23424000.0
1985-12-09,83.63,85.0,83.38,84.62,385600.0,0.0,1.0,0.8480661951919901,0.8619589452507374,0.8455310218236056,0.8581054817307929,18508800.0
1985-12-06,84.0,84.0,83.25,83.63,277300.0,0.0,1.0,0.8518182517771993,0.8518182517771993,0.8442127316720457,0.8480661951919901,13310400.0
1985-12-05,83.75,85.0,83.75,84.25,324600.0,0.0,1.0,0.8492830784088148,0.8619589452507374,0.8492830784088148,0.8543534251455838,15580800.0
1985-12-04,82.38,83.88,82.25,83.63,317400.0,0.0,1.0,0.8353903283500675,0.8506013685603746,0.8340720381985076,0.8480661951919901,15235200.0
1985-12-03,82.0,83.75,82.0,82.38,317800.0,0.0,1.0,0.8315368648301231,0.8492830784088148,0.8315368648301231,0.8353903283500675,15254400.0
1985-12-02,83.12,83.12,82.0,82.0,246400.0,0.0,1.0,0.8428944415204858,0.8428944415204858,0.8315368648301231,0.8315368648301231,11827200.0
1985-11-29,84.12,84.25,83.12,83.25,119100.0,0.0,1.0,0.8530351349940238,0.8543534251455838,0.8428944415204858,0.8442127316720457,5716800.0
1985-11-27,82.75,84.75,82.5,84.12,506100.0,0.0,1.0,0.8391423849352767,0.8594237718823529,0.8366072115668921,0.8530351349940238,24292800.0
1985-11-26,81.37,82.75,81.37,82.75,176600.0,0.0,1.0,0.8251482279417941,0.8391423849352767,0.8251482279417941,0.8391423849352767,8476800.0
1985-11-25,81.88,81.88,81.25,81.37,124500.0,0.74,1.0,0.8303199816132985,0.8303199816132985,0.8239313447249695,0.8251482279417941,5976000.0
1985-11-22,81.25,82.5,80.75,82.13,347500.0,0.0,1.0,0.8165058277952841,0.8290674559152116,0.8114811765473132,0.825349213991713,16680000.0
1985-11-21,79.75,81.25,79.75,81.25,316500.0,0.0,1.0,0.8014318740513712,0.8165058277952841,0.8014318740513712,0.8165058277952841,15192000.0
1985-11-20,79.75,79.75,79.38,79.62,96500.0,0.0,1.0,0.8014318740513712,0.8014318740513712,0.7977136321278726,0.8001254647268988,4632000.0
1985-11-19,79.75,80.12,79.38,79.75,211600.0,0.0,1.0,0.8014318740513712,0.8051501159748697,0.7977136321278726,0.8014318740513712,10156800.0
1985-11-18,79.25,79.87,79.13,79.75,548600.0,0.0,1.0,0.7964072228034003,0.8026377903508843,0.7952013065038872,0.8014318740513712,26332800.0
1985-11-15,79.13,80.5,78.88,79.25,709700.0,0.0,1.0,0.7952013065038872,0.8089688509233277,0.7926889808799017,0.7964072228034003,34065600.0
1985-11-14,77.38,79.38,77.25,79.13,408100.0,0.0,1.0,0.7776150271359887,0.7977136321278726,0.7763086178115163,0.7952013065038872,19588800.0
1985-11-13,77.12,77.5,76.62,77.38,235000.0,0.0,1.0,0.7750022084870439,0.7788209434355018,0.7699775572390729,0.7776150271359887,11280000.0
1985-11-12,76.38,77.25,76.13,77.12,407200.0,0.0,1.0,0.7675657246400468,0.7763086178115163,0.7650533990160613,0.7750022084870439,19545600.0
1985-11-11,75.25,76.38,75.12,76.38,395000.0,0.0,1.0,0.7562100128196324,0.7675657246400468,0.75490360349516,0.7675657246400468,18960000.0
1985-11-08,74.75,75.5,74.5,75.25,364300.0,0.0,1.0,0.7511853615716614,0.7587223384436179,0.748673035947676,0.7562100128196324,17486400.0
1985-11-07,74.75,75.37,74.5,74.75,650700.0,0.0,1.0,0.7511853615716614,0.7574159291191455,0.748673035947676,0.7511853615716614,31233600.0
1985-11-06,74.5,75.0,74.12,74.75,555700.0,0.0,1.0,0.748673035947676,0.7536976871956469,0.744854300999218,0.7511853615716614,26673600.0
1985-11-05,72.88,74.75,72.88,74.5,300900.0,0.0,1.0,0.73239316590425,0.7511853615716614,0.73239316590425,0.748673035947676,14443200.0
1985-11-04,72.62,72.88,72.5,72.88,375300.0,0.0,1.0,0.729780347255305,0.73239316590425,0.728574430955792,0.73239316590425,18014400.0
1985-11-01,71.63,72.88,71.5,72.62,361200.0,0.0,1.0,0.7198315377843225,0.73239316590425,0.7185251284598501,0.729780347255305,17337600.0
1985-10-31,72.12,72.12,71.5,71.63,120900.0,0.0,1.0,0.7247556960073341,0.7247556960073341,0.7185251284598501,0.7198315377843225,5803200.0
1985-10-30,72.12,72.5,72.12,72.25,243100.0,0.0,1.0,0.7247556960073341,0.728574430955792,0.7247556960073341,0.7260621053318065,11668800.0
1985-10-29,71.38,72.12,71.25,72.12,273600.0,0.0,1.0,0.717319212160337,0.7247556960073341,0.7160128028358645,0.7247556960073341,13132800.0
1985-10-28,71.25,71.38,71.0,71.38,78800.0,0.0,1.0,0.7160128028358645,0.717319212160337,0.713500477211879,0.717319212160337,3782400.0
1985-10-25,71.25,71.63,71.12,71.25,98700.0,0.0,1.0,0.7160128028358645,0.7198315377843225,0.7147063935113922,0.7160128028358645,4737600.0
1985-10-24,71.25,72.0,71.25,71.25,269900.0,0.0,1.0,0.7160128028358645,0.7235497797078211,0.7160128028358645,0.7160128028358645,12955200.0
1985-10-23,71.12,71.38,71.0,71.25,96900.0,0.0,1.0,0.7147063935113922,0.717319212160337,0.713500477211879,0.7160128028358645,4651200.0
1985-10-22,70.75,71.38,70.75,71.12,109300.0,0.0,1.0,0.7109881515878936,0.717319212160337,0.7109881515878936,0.7147063935113922,5246400.0
1985-10-21,71.0,71.0,70.62,70.75,106200.0,0.0,1.0,0.713500477211879,0.713500477211879,0.7096817422634212,0.7109881515878936,5097600.0
1985-10-18,71.25,71.38,70.87,71.0,227100.0,0.0,1.0,0.7160128028358645,0.717319212160337,0.7121940678874067,0.713500477211879,10900800.0
1985-10-17,71.12,71.25,70.75,71.25,258000.0,0.0,1.0,0.7147063935113922,0.7160128028358645,0.7109881515878936,0.7160128028358645,12384000.0
1985-10-16,71.0,71.38,70.75,71.12,152800.0,0.0,1.0,0.713500477211879,0.717319212160337,0.7109881515878936,0.7147063935113922,7334400.0
1985-10-15,70.87,71.38,70.62,71.0,258700.0,0.0,1.0,0.7121940678874067,0.717319212160337,0.7096817422634212,0.713500477211879,12417600.0
1985-10-14,70.25,70.87,70.0,70.87,182200.0,0.0,1.0,0.7059635003399226,0.7121940678874067,0.7034511747159371,0.7121940678874067,8745600.0
1985-10-11,69.88,70.62,69.75,70.25,200000.0,0.0,1.0,0.702245258416424,0.7096817422634212,0.7009388490919516,0.7059635003399226,9600000.0
1985-10-10,69.62,70.0,69.37,69.88,1117000.0,0.0,1.0,0.6996324397674792,0.7034511747159371,0.6971201141434937,0.702245258416424,53616000.0
1985-10-09,69.5,69.88,69.12,69.62,258200.0,0.0,1.0,0.6984265234679662,0.702245258416424,0.6946077885195082,0.6996324397674792,12393600.0
1985-10-08,70.0,70.13,69.12,69.5,122000.0,0.0,1.0,0.7034511747159371,0.7047575840404096,0.6946077885195082,0.6984265234679662,5856000.0
1985-10-07,69.62,70.25,69.62,70.0,288000.0,0.0,1.0,0.6996324397674792,0.7059635003399226,0.6996324397674792,0.7034511747159371,13824000.0
1985-10-04,69.75,70.0,69.5,69.5,196000.0,0.0,1.0,0.7009388490919516,0.7034511747159371,0.6984265234679662,0.6984265234679662,9408000.0
1985-10-03,69.62,70.5,69.62,69.75,214600.0,0.0,1.0,0.6996324397674792,0.7084758259639081,0.6996324397674792,0.7009388490919516,10300800.0
1985-10-02,70.0,70.13,69.62,69.62,268900.0,0.0,1.0,0.7034511747159371,0.7047575840404096,0.6996324397674792,0.6996324397674792,12907200.0
1985-10-01,69.75,70.13,69.62,70.0,246400.0,0.0,1.0,0.7009388490919516,0.7047575840404096,0.6996324397674792,0.7034511747159371,11827200.0
1985-09-30,69.88,69.88,69.37,69.75,181100.0,0.0,1.0,0.702245258416424,0.702245258416424,0.6971201141434937,0.7009388490919516,8692800.0
1985-09-26,70.13,70.62,70.0,70.25,716300.0,0.0,1.0,0.7047575840404096,0.7096817422634212,0.7034511747159371,0.7059635003399226,34382400.0
1985-09-25,69.88,70.25,69.88,70.13,137800.0,0.0,1.0,0.702245258416424,0.7059635003399226,0.702245258416424,0.7047575840404096,6614400.0
1985-09-24,69.75,70.38,69.75,69.88,425100.0,0.0,1.0,0.7009388490919516,0.7072699096643951,0.7009388490919516,0.702245258416424,20404800.0
1985-09-23,68.63,69.62,68.63,69.62,766700.0,0.0,1.0,0.6896836302964966,0.6996324397674792,0.6896836302964966,0.6996324397674792,36801600.0
1985-09-20,68.5,68.5,67.75,67.75,252100.0,0.0,1.0,0.6883772209720241,0.6883772209720241,0.6808402441000677,0.6808402441000677,12100800.0
1985-09-19,68.38,68.63,68.25,68.5,222700.0,0.0,1.0,0.6871713046725111,0.6896836302964966,0.6858648953480387,0.6883772209720241,10689600.0
1985-09-18,68.38,68.63,68.25,68.38,249000.0,0.0,1.0,0.6871713046725111,0.6896836302964966,0.6858648953480387,0.6871713046725111,11952000.0
1985-09-17,68.38,68.75,68.25,68.38,212800.0,0.0,1.0,0.6871713046725111,0.6908895465960097,0.6858648953480387,0.6871713046725111,10214400.0
1985-09-16,68.38,68.5,68.25,68.38,152900.0,0.0,1.0,0.6871713046725111,0.6883772209720241,0.6858648953480387,0.6871713046725111,7339200.0
1985-09-13,68.25,68.5,68.0,68.38,286300.0,0.0,1.0,0.6858648953480387,0.6883772209720241,0.6833525697240532,0.6871713046725111,13742400.0
1985-09-12,68.0,68.5,68.0,68.25,221600.0,0.0,1.0,0.6833525697240532,0.6883772209720241,0.6833525697240532,0.6858648953480387,10636800.0
1985-09-11,68.0,68.5,67.87,68.0,328800.0,0.0,1.0,0.6833525697240532,0.6883772209720241,0.6820461603995808,0.6833525697240532,15782400.0
1985-09-10,69.0,69.12,67.38,68.0,615600.0,0.74,1.0,0.6934018722199952,0.6946077885195082,0.6771220021765691,0.6833525697240532,29548800.0
1985-09-09,70.25,70.87,68.5,69.0,2308000.0,0.0,1.0,0.6983636605050151,0.7045271547329598,0.6809667009906554,0.685937260851901,110784000.0
1985-09-06,71.63,71.75,70.13,70.25,414400.0,0.0,1.0,0.7120824057220531,0.7132753400887522,0.6971707261383161,0.6983636605050151,19891200.0
1985-09-05,72.0,72.0,71.25,71.63,475600.0,0.0,1.0,0.7157606200193749,0.7157606200193749,0.7083047802275064,0.7120824057220531,22828800.0
1985-09-04,71.88,72.25,71.75,72.0,183800.0,0.0,1.0,0.7145676856526759,0.7182458999499978,0.7132753400887522,0.7157606200193749,8822400.0
1985-09-03,71.63,72.0,71.5,71.88,131800.0,0.0,1.0,0.7120824057220531,0.7157606200193749,0.7107900601581293,0.7145676856526759,6326400.0
1985-08-30,72.12,72.12,71.38,71.63,96900.0,0.0,1.0,0.7169535543860739,0.7169535543860739,0.7095971257914303,0.7120824057220531,4651200.0
1985-08-29,72.0,72.25,71.75,72.12,161600.0,0.0,1.0,0.7157606200193749,0.7182458999499978,0.7132753400887522,0.7169535543860739,7756800.0
1985-08-28,71.12,72.0,71.0,72.0,193200.0,0.0,1.0,0.7070124346635827,0.7157606200193749,0.7058195002968836,0.7157606200193749,9273600.0
1985-08-27,71.0,71.38,71.0,71.12,143800.0,0.0,1.0,0.7058195002968836,0.7095971257914303,0.7058195002968836,0.7070124346635827,6902400.0
1985-08-26,71.25,71.25,70.75,71.0,206700.0,0.0,1.0,0.7083047802275064,0.7083047802275064,0.7033342203662608,0.7058195002968836,9921600.0
1985-08-23,71.25,71.5,71.12,71.25,75900.0,0.0,1.0,0.7083047802275064,0.7107900601581293,0.7070124346635827,0.7083047802275064,3643200.0
1985-08-22,72.12,72.12,71.25,71.25,108300.0,0.0,1.0,0.7169535543860739,0.7169535543860739,0.7083047802275064,0.7083047802275064,5198400.0
1985-08-21,72.0,72.25,71.75,72.25,185300.0,0.0,1.0,0.7157606200193749,0.7182458999499978,0.7132753400887522,0.7182458999499978,8894400.0
1985-08-20,72.12,72.12,71.75,72.0,143800.0,0.0,1.0,0.7169535543860739,0.7169535543860739,0.7132753400887522,0.7157606200193749,6902400.0
1985-08-19,71.75,72.37,71.75,72.12,115800.0,0.0,1.0,0.7132753400887522,0.7194388343166968,0.7132753400887522,0.7169535543860739,5558400.0
1985-08-16,71.63,71.88,71.38,71.75,248400.0,0.0,1.0,0.7120824057220531,0.7145676856526759,0.7095971257914303,0.7132753400887522,11923200.0
1985-08-15,71.88,72.0,71.12,71.63,168300.0,0.0,1.0,0.7145676856526759,0.7157606200193749,0.7070124346635827,0.7120824057220531,8078400.0
1985-08-14,71.75,72.25,71.75,71.88,164700.0,0.0,1.0,0.7132753400887522,0.7182458999499978,0.7132753400887522,0.7145676856526759,7905600.0
1985-08-13,71.88,71.88,71.25,71.63,86600.0,0.0,1.0,0.7145676856526759,0.7145676856526759,0.7083047802275064,0.7120824057220531,4156800.0
1985-08-12,71.38,71.88,71.38,71.88,903000.0,0.0,1.0,0.7095971257914303,0.7145676856526759,0.7095971257914303,0.7145676856526759,43344000.0
1985-08-09,71.5,71.75,71.25,71.38,233000.0,0.0,1.0,0.7107900601581293,0.7132753400887522,0.7083047802275064,0.7095971257914303,11184000.0
1985-08-08,71.25,71.63,71.0,71.5,223000.0,0.0,1.0,0.7083047802275064,0.7120824057220531,0.7058195002968836,0.7107900601581293,10704000.0
1985-08-07,71.12,71.38,71.0,71.25,179200.0,0.0,1.0,0.7070124346635827,0.7095971257914303,0.7058195002968836,0.7083047802275064,8601600.0
1985-08-06,71.75,71.75,70.87,71.12,182800.0,0.0,1.0,0.7132753400887522,0.7132753400887522,0.7045271547329598,0.7070124346635827,8774400.0
1985-08-05,72.5,72.5,71.63,71.75,156100.0,0.0,1.0,0.7207311798806206,0.7207311798806206,0.7120824057220531,0.7132753400887522,7492800.0
1985-08-02,73.62,73.62,72.75,72.75,193200.0,0.0,1.0,0.731865233969811,0.731865233969811,0.7232164598112434,0.7232164598112434,9273600.0
1985-08-01,72.37,74.0,72.37,73.75,186200.0,0.0,1.0,0.7194388343166968,0.7356428594643576,0.7194388343166968,0.7331575795337347,8937600.0
1985-07-31,71.5,72.75,71.5,72.25,350300.0,0.0,1.0,0.7107900601581293,0.7232164598112434,0.7107900601581293,0.7182458999499978,16814400.0
1985-07-30,70.75,71.38,70.75,71.25,215000.0,0.0,1.0,0.7033342203662608,0.7095971257914303,0.7033342203662608,0.7083047802275064,10320000.0
1985-07-29,71.38,71.38,70.5,70.62,323600.0,0.0,1.0,0.7095971257914303,0.7095971257914303,0.700848940435638,0.7020418748023369,15532800.0
1985-07-26,71.63,71.88,71.12,71.63,207000.0,0.0,1.0,0.7120824057220531,0.7145676856526759,0.7070124346635827,0.7120824057220531,9936000.0
1985-07-25,71.75,72.62,71.5,71.63,359100.0,0.0,1.0,0.7132753400887522,0.7219241142473196,0.7107900601581293,0.7120824057220531,17236800.0
1985-07-24,71.88,71.88,71.0,71.75,406000.0,0.0,1.0,0.7145676856526759,0.7145676856526759,0.7058195002968836,0.7132753400887522,19488000.0
1985-07-23,73.5,73.62,71.75,72.25,355300.0,0.0,1.0,0.7306722996031119,0.731865233969811,0.7132753400887522,0.7182458999499978,17054400.0
1985-07-22,74.25,74.25,73.13,73.5,266500.0,0.0,1.0,0.7381281393949805,0.7381281393949805,0.7269940853057901,0.7306722996031119,12792000.0
1985-07-19,73.75,74.5,73.75,74.5,547100.0,0.0,1.0,0.7331575795337347,0.7406134193256032,0.7331575795337347,0.7406134193256032,26260800.0
1985-07-18,74.0,74.0,73.13,73.75,405300.0,0.0,1.0,0.7356428594643576,0.7356428594643576,0.7269940853057901,0.7331575795337347,19454400.0
1985-07-17,73.75,74.75,73.75,74.0,266000.0,0.0,1.0,0.7331575795337347,0.7430986992562261,0.7331575795337347,0.7356428594643576,12768000.0
1985-07-16,72.5,73.75,72.5,73.75,324200.0,0.0,1.0,0.7207311798806206,0.7331575795337347,0.7207311798806206,0.7331575795337347,15561600.0
1985-07-15,73.75,73.75,72.5,72.5,346800.0,0.0,1.0,0.7331575795337347,0.7331575795337347,0.7207311798806206,0.7207311798806206,16646400.0
1985-07-12,74.0,74.0,73.13,73.75,675700.0,0.0,1.0,0.7356428594643576,0.7356428594643576,0.7269940853057901,0.7331575795337347,32433600.0
1985-07-11,72.5,74.88,72.5,74.75,1315000.0,0.0,1.0,0.7207311798806206,0.7443910448201498,0.7207311798806206,0.7430986992562261,63120000.0
1985-07-10,70.5,72.75,70.5,72.37,1443000.0,0.0,1.0,0.700848940435638,0.7232164598112434,0.700848940435638,0.7194388343166968,69264000.0
1985-07-09,68.88,70.5,68.88,70.0,789000.0,0.0,1.0,0.684744326485202,0.700848940435638,0.684744326485202,0.6958783805743923,37872000.0
1985-07-08,67.38,68.25,67.25,68.25,777200.0,0.0,1.0,0.669832646901465,0.6784814210600325,0.6685403013375412,0.6784814210600325,37305600.0
1985-07-05,67.38,67.5,67.25,67.38,235300.0,0.0,1.0,0.669832646901465,0.671025581268164,0.6685403013375412,0.669832646901465,11294400.0
1985-07-03,68.25,68.25,67.38,67.38,573400.0,0.0,1.0,0.6784814210600325,0.6784814210600325,0.669832646901465,0.669832646901465,27523200.0
1985-07-02,68.38,68.5,68.25,68.38,421400.0,0.0,1.0,0.6797737666239563,0.6809667009906554,0.6784814210600325,0.6797737666239563,20227200.0
1985-07-01,69.37,69.37,68.25,68.38,291800.0,0.0,1.0,0.6896154751492228,0.6896154751492228,0.6784814210600325,0.6797737666239563,14006400.0
1985-06-28,69.5,69.5,69.25,69.37,307200.0,0.0,1.0,0.6909078207131466,0.6909078207131466,0.6884225407825239,0.6896154751492228,14745600.0
1985-06-27,69.88,70.13,69.5,69.5,435700.0,0.0,1.0,0.6946854462076933,0.6971707261383161,0.6909078207131466,0.6909078207131466,20913600.0
1985-06-26,69.62,69.88,69.37,69.88,315900.0,0.0,1.0,0.6921007550798456,0.6946854462076933,0.6896154751492228,0.6946854462076933,15163200.0
1985-06-25,69.37,70.25,69.37,69.62,683600.0,0.0,1.0,0.6896154751492228,0.6983636605050151,0.6896154751492228,0.6921007550798456,32812800.0
1985-06-24,69.5,69.5,68.88,69.37,169200.0,0.0,1.0,0.6909078207131466,0.6909078207131466,0.684744326485202,0.6896154751492228,8121600.0
1985-06-21,68.63,69.75,68.63,69.75,489900.0,0.0,1.0,0.6822590465545791,0.6933931006437695,0.6822590465545791,0.6933931006437695,23515200.0
1985-06-20,68.75,69.0,68.12,68.63,262700.0,0.0,1.0,0.6834519809212781,0.685937260851901,0.6771890754961086,0.6822590465545791,12609600.0
1985-06-19,69.12,69.12,68.38,68.75,236100.0,0.0,1.0,0.6871301952186,0.6871301952186,0.6797737666239563,0.6834519809212781,11332800.0
1985-06-18,68.88,69.37,68.88,69.25,209700.0,0.0,1.0,0.684744326485202,0.6896154751492228,0.684744326485202,0.6884225407825239,10065600.0
1985-06-17,69.0,69.0,68.63,68.88,149800.0,0.0,1.0,0.685937260851901,0.685937260851901,0.6822590465545791,0.684744326485202,7190400.0
1985-06-14,69.0,69.0,68.75,69.0,98800.0,0.0,1.0,0.685937260851901,0.685937260851901,0.6834519809212781,0.685937260851901,4742400.0
1985-06-13,69.12,69.37,68.75,69.0,261100.0,0.0,1.0,0.6871301952186,0.6896154751492228,0.6834519809212781,0.685937260851901,12532800.0
1985-06-12,69.12,69.12,68.5,69.12,303300.0,0.0,1.0,0.6871301952186,0.6871301952186,0.6809667009906554,0.6871301952186,14558400.0
1985-06-11,68.75,69.5,66.5,69.5,902600.0,0.74,1.0,0.6834519809212781,0.6909078207131466,0.6610844615456727,0.6909078207131466,43324800.0
1985-06-10,69.37,69.37,68.5,68.75,1722000.0,0.0,1.0,0.6823501640499856,0.6823501640499856,0.6737925073868245,0.6762516041291121,82656000.0
1985-06-07,70.75,71.0,69.75,70.0,450800.0,0.0,1.0,0.6959243780674136,0.6983834748097013,0.6860879910982629,0.6885470878405505,21638400.0
1985-06-06,71.5,71.5,70.5,70.75,484000.0,0.0,1.0,0.7033016682942766,0.7033016682942766,0.693465281325126,0.6959243780674136,23232000.0
1985-06-05,71.0,72.12,71.0,71.63,836000.0,0.0,1.0,0.6983834748097013,0.7094002282151501,0.6983834748097013,0.7045803986002662,40128000.0
1985-06-04,69.0,70.38,69.0,70.25,784600.0,0.0,1.0,0.6787107008713998,0.6922849148888278,0.6787107008713998,0.6910061845828382,37660800.0
1985-06-03,67.87,68.75,67.75,68.25,432900.0,0.0,1.0,0.6675955835962596,0.6762516041291121,0.6664152171599614,0.6713334106445368,20779200.0
1985-05-31,66.75,68.0,66.75,67.87,800000.0,0.0,1.0,0.6565788301908108,0.6688743139022492,0.6565788301908108,0.6675955835962596,38400000.0
1985-05-30,66.75,66.88,66.37,66.75,244400.0,0.0,1.0,0.6565788301908108,0.6578575604968002,0.6528410031425335,0.6565788301908108,11731200.0
1985-05-29,66.5,66.75,66.25,66.75,347600.0,0.0,1.0,0.654119733448523,0.6565788301908108,0.6516606367062353,0.6565788301908108,16684800.0
1985-05-28,67.5,67.62,66.0,66.5,204400.0,0.0,1.0,0.6639561204176737,0.6651364868539719,0.6492015399639477,0.654119733448523,9811200.0
1985-05-24,67.38,67.5,67.13,67.5,159200.0,0.0,1.0,0.6627757539813757,0.6639561204176737,0.660316657239088,0.6639561204176737,7641600.0
1985-05-23,67.87,67.87,67.13,67.38,254300.0,0.0,1.0,0.6675955835962596,0.6675955835962596,0.660316657239088,0.6627757539813757,12206400.0
1985-05-22,68.0,68.0,67.5,67.87,286100.0,0.0,1.0,0.6688743139022492,0.6688743139022492,0.6639561204176737,0.6675955835962596,13732800.0
1985-05-21,69.37,69.37,68.25,68.38,372400.0,0.0,1.0,0.6823501640499856,0.6823501640499856,0.6713334106445368,0.6726121409505263,17875200.0
1985-05-20,69.37,70.38,69.25,69.37,340600.0,0.0,1.0,0.6823501640499856,0.6922849148888278,0.6811697976136876,0.6823501640499856,16348800.0
1985-05-17,68.38,70.0,68.38,69.37,219300.0,0.0,1.0,0.6726121409505263,0.6885470878405505,0.6726121409505263,0.6823501640499856,10526400.0
1985-05-16,68.12,68.63,68.12,68.38,138500.0,0.0,1.0,0.6700546803385472,0.6750712376928141,0.6700546803385472,0.6726121409505263,6648000.0
1985-05-15,67.5,68.75,67.5,68.12,308900.0,0.0,1.0,0.6639561204176737,0.6762516041291121,0.6639561204176737,0.6700546803385472,14827200.0
1985-05-14,66.75,67.25,66.75,67.0,239000.0,0.0,1.0,0.6565788301908108,0.6614970236753861,0.6565788301908108,0.6590379269330984,11472000.0
1985-05-13,66.62,67.25,66.5,66.75,399400.0,0.0,1.0,0.6553000998848212,0.6614970236753861,0.654119733448523,0.6565788301908108,19171200.0
1985-05-10,67.38,67.62,66.25,66.62,698600.0,0.0,1.0,0.6627757539813757,0.6651364868539719,0.6516606367062353,0.6553000998848212,33532800.0
1985-05-09,67.25,67.62,67.25,67.38,145200.0,0.0,1.0,0.6614970236753861,0.6651364868539719,0.6614970236753861,0.6627757539813757,6969600.0
1985-05-08,68.25,68.25,67.25,67.25,283900.0,0.0,1.0,0.6713334106445368,0.6713334106445368,0.6614970236753861,0.6614970236753861,13627200.0
1985-05-07,66.75,68.38,66.75,68.25,379500.0,0.0,1.0,0.6565788301908108,0.6726121409505263,0.6565788301908108,0.6713334106445368,18216000.0
1985-05-06,66.25,66.5,66.12,66.37,279300.0,0.0,1.0,0.6516606367062353,0.654119733448523,0.6503819064002458,0.6528410031425335,13406400.0
1985-05-03,66.62,67.5,66.12,66.25,317800.0,0.0,1.0,0.6553000998848212,0.6639561204176737,0.6503819064002458,0.6516606367062353,15254400.0
1985-05-02,67.13,67.13,66.37,66.62,232200.0,0.0,1.0,0.660316657239088,0.660316657239088,0.6528410031425335,0.6553000998848212,11145600.0
1985-05-01,68.5,68.75,67.13,67.13,349700.0,0.0,1.0,0.6737925073868245,0.6762516041291121,0.660316657239088,0.660316657239088,16785600.0
1985-04-30,68.25,68.63,68.0,68.5,417500.0,0.0,1.0,0.6713334106445368,0.6750712376928141,0.6688743139022492,0.6737925073868245,20040000.0
1985-04-29,68.75,68.75,68.25,68.25,204800.0,0.0,1.0,0.6762516041291121,0.6762516041291121,0.6713334106445368,0.6713334106445368,9830400.0
1985-04-26,68.25,69.25,68.25,68.75,557100.0,0.0,1.0,0.6713334106445368,0.6811697976136876,0.6713334106445368,0.6762516041291121,26740800.0
1985-04-25,68.88,69.37,67.62,68.0,1541000.0,0.0,1.0,0.6775303344351017,0.6823501640499856,0.6651364868539719,0.6688743139022492,73968000.0
1985-04-24,69.37,69.37,67.87,68.88,703900.0,0.0,1.0,0.6823501640499856,0.6823501640499856,0.6675955835962596,0.6775303344351017,33787200.0
1985-04-23,71.0,71.0,70.0,70.0,558100.0,0.0,1.0,0.6983834748097013,0.6983834748097013,0.6885470878405505,0.6885470878405505,26788800.0
1985-04-22,71.5,72.25,71.38,71.63,348300.0,0.0,1.0,0.7033016682942766,0.7106789585211397,0.7021213018579785,0.7045803986002662,16718400.0
1985-04-19,70.0,71.5,69.62,71.5,377400.0,0.0,1.0,0.6885470878405505,0.7033016682942766,0.6848092607922733,0.7033016682942766,18115200.0
1985-04-18,69.88,70.87,69.88,70.0,270800.0,0.0,1.0,0.6873667214042525,0.6971047445037117,0.6873667214042525,0.6885470878405505,12998400.0
1985-04-17,69.75,69.88,69.62,69.88,128300.0,0.0,1.0,0.6860879910982629,0.6873667214042525,0.6848092607922733,0.6873667214042525,6158400.0
1985-04-16,69.12,69.75,68.75,69.75,132500.0,0.0,1.0,0.679891067307698,0.6860879910982629,0.6762516041291121,0.6860879910982629,6360000.0
1985-04-15,68.88,69.5,68.75,69.12,139200.0,0.0,1.0,0.6775303344351017,0.6836288943559752,0.6762516041291121,0.679891067307698,6681600.0
1985-04-12,68.75,69.0,68.5,68.88,122900.0,0.0,1.0,0.6762516041291121,0.6787107008713998,0.6737925073868245,0.6775303344351017,5899200.0
1985-04-11,68.88,69.25,68.63,68.75,177300.0,0.0,1.0,0.6775303344351017,0.6811697976136876,0.6750712376928141,0.6762516041291121,8510400.0
1985-04-10,68.75,69.25,68.75,68.88,86700.0,0.0,1.0,0.6762516041291121,0.6811697976136876,0.6762516041291121,0.6775303344351017,4161600.0
1985-04-09,68.0,69.0,68.0,68.75,135100.0,0.0,1.0,0.6688743139022492,0.6787107008713998,0.6688743139022492,0.6762516041291121,6484800.0
1985-04-08,68.63,69.0,67.75,67.87,157700.0,0.0,1.0,0.6750712376928141,0.6787107008713998,0.6664152171599614,0.6675955835962596,7569600.0
1985-04-04,68.75,68.75,68.12,68.63,339800.0,0.0,1.0,0.6762516041291121,0.6762516041291121,0.6700546803385472,0.6750712376928141,16310400.0
1985-04-03,69.37,69.37,68.25,68.75,134700.0,0.0,1.0,0.6823501640499856,0.6823501640499856,0.6713334106445368,0.6762516041291121,6465600.0
1985-04-02,70.0,70.0,69.25,69.37,139800.0,0.0,1.0,0.6885470878405505,0.6885470878405505,0.6811697976136876,0.6823501640499856,6710400.0
1985-04-01,70.0,70.25,69.75,70.0,240300.0,0.0,1.0,0.6885470878405505,0.6910061845828382,0.6860879910982629,0.6885470878405505,11534400.0
1985-03-29,69.37,70.25,69.37,70.0,222000.0,0.0,1.0,0.6823501640499856,0.6910061845828382,0.6823501640499856,0.6885470878405505,10656000.0
1985-03-28,69.0,69.75,69.0,69.37,266900.0,0.0,1.0,0.6787107008713998,0.6860879910982629,0.6787107008713998,0.6823501640499856,12811200.0
1985-03-27,68.0,69.25,68.0,69.0,276000.0,0.0,1.0,0.6688743139022492,0.6811697976136876,0.6688743139022492,0.6787107008713998,13248000.0
1985-03-26,66.88,68.0,66.75,67.75,217900.0,0.0,1.0,0.6578575604968002,0.6688743139022492,0.6565788301908108,0.6664152171599614,10459200.0
1985-03-25,66.75,67.0,66.37,66.88,164800.0,0.0,1.0,0.6565788301908108,0.6590379269330984,0.6528410031425335,0.6578575604968002,7910400.0
1985-03-22,66.88,67.38,66.37,66.75,285000.0,0.0,1.0,0.6578575604968002,0.6627757539813757,0.6528410031425335,0.6565788301908108,13680000.0
1985-03-21,66.37,67.13,66.25,66.88,304800.0,0.0,1.0,0.6528410031425335,0.660316657239088,0.6516606367062353,0.6578575604968002,14630400.0
1985-03-20,65.38,67.0,65.38,66.37,412800.0,0.0,1.0,0.6431029800430742,0.6590379269330984,0.6431029800430742,0.6528410031425335,19814400.0
1985-03-19,63.62,65.75,63.62,65.38,436200.0,0.0,1.0,0.6257909389773689,0.64674244322166,0.6257909389773689,0.6431029800430742,20937600.0
1985-03-18,63.5,64.0,63.5,63.5,253100.0,0.0,1.0,0.6246105725410709,0.6295287660256462,0.6246105725410709,0.6246105725410709,12148800.0
1985-03-15,64.5,65.12,63.5,63.5,394900.0,0.0,1.0,0.6344469595102216,0.6405455194310951,0.6246105725410709,0.6246105725410709,18955200.0
1985-03-14,64.62,65.5,64.38,64.5,214400.0,0.0,1.0,0.6356273259465197,0.6442833464793724,0.6332665930739234,0.6344469595102216,10291200.0
1985-03-13,65.0,65.38,64.62,64.62,465300.0,0.0,1.0,0.6393651529947969,0.6431029800430742,0.6356273259465197,0.6356273259465197,22334400.0
1985-03-12,65.25,65.25,64.87,65.0,308000.0,0.0,1.0,0.6418242497370846,0.6418242497370846,0.6380864226888074,0.6393651529947969,14784000.0
1985-03-11,65.75,65.75,64.87,65.75,312600.0,0.74,1.0,0.64674244322166,0.64674244322166,0.6380864226888074,0.64674244322166,15004800.0
1985-03-08,65.75,66.62,65.75,66.12,851200.0,0.0,1.0,0.6395445276255699,0.6480069419074597,0.6395445276255699,0.643143485423615,40857600.0
1985-03-07,65.5,65.88,65.0,65.75,226000.0,0.0,1.0,0.6371127993836476,0.6408090263113695,0.632249342899803,0.6395445276255699,10848000.0
1985-03-06,65.75,65.88,65.25,65.5,296600.0,0.0,1.0,0.6395445276255699,0.6408090263113695,0.6346810711417253,0.6371127993836476,14236800.0
1985-03-05,66.0,66.0,65.0,65.75,524100.0,0.0,1.0,0.6419762558674923,0.6419762558674923,0.632249342899803,0.6395445276255699,25156800.0
1985-03-04,65.12,66.88,65.12,66.0,337800.0,0.0,1.0,0.6334165724559258,0.6505359392790587,0.6334165724559258,0.6419762558674923,16214400.0
1985-03-01,63.5,65.25,63.5,65.12,489600.0,0.0,1.0,0.617658973448269,0.6346810711417253,0.617658973448269,0.6334165724559258,23500800.0
1985-02-28,63.12,63.5,63.12,63.5,361500.0,0.0,1.0,0.6139627465205472,0.617658973448269,0.6139627465205472,0.617658973448269,17352000.0
1985-02-27,63.25,63.5,63.0,63.12,331400.0,0.0,1.0,0.6152272452063468,0.617658973448269,0.6127955169644245,0.6139627465205472,15907200.0
1985-02-26,62.63,63.37,62.63,63.25,368100.0,0.0,1.0,0.6091965591663794,0.6163944747624694,0.6091965591663794,0.6152272452063468,17668800.0
1985-02-25,62.25,63.0,62.25,62.63,224600.0,0.0,1.0,0.6055003322386575,0.6127955169644245,0.6055003322386575,0.6091965591663794,10780800.0
1985-02-22,62.12,62.5,61.87,62.12,238500.0,0.0,1.0,0.6042358335528578,0.6079320604805798,0.6018041053109355,0.6042358335528578,11448000.0
1985-02-21,61.75,62.38,61.5,62.12,188500.0,0.0,1.0,0.6006368757548128,0.6067648309244571,0.5982051475128906,0.6042358335528578,9048000.0
1985-02-20,62.0,62.38,61.25,61.75,168200.0,0.0,1.0,0.6030686039967351,0.6067648309244571,0.5957734192709682,0.6006368757548128,8073600.0
1985-02-19,61.62,62.12,61.25,62.0,118800.0,0.0,1.0,0.5993723770690133,0.6042358335528578,0.5957734192709682,0.6030686039967351,5702400.0
1985-02-15,61.5,62.12,61.5,61.62,354200.0,0.0,1.0,0.5982051475128906,0.6042358335528578,0.5982051475128906,0.5993723770690133,17001600.0
1985-02-14,61.25,61.87,61.25,61.5,488300.0,0.0,1.0,0.5957734192709682,0.6018041053109355,0.5957734192709682,0.5982051475128906,23438400.0
1985-02-13,60.88,61.5,60.12,61.0,576300.0,0.0,1.0,0.5921744614729232,0.5982051475128906,0.5847820076174793,0.5933416910290459,27662400.0
1985-02-12,61.38,61.38,60.75,60.88,169900.0,0.0,1.0,0.5970379179567679,0.5970379179567679,0.5909099627871236,0.5921744614729232,8155200.0
1985-02-11,61.87,61.87,61.0,61.38,284500.0,0.0,1.0,0.6018041053109355,0.6018041053109355,0.5933416910290459,0.5970379179567679,13656000.0
1985-02-08,61.5,61.87,61.5,61.87,295200.0,0.0,1.0,0.5982051475128906,0.6018041053109355,0.5982051475128906,0.6018041053109355,14169600.0
1985-02-07,61.13,61.75,61.13,61.5,359300.0,0.0,1.0,0.5946061897148455,0.6006368757548128,0.5946061897148455,0.5982051475128906,17246400.0
1985-02-06,61.25,61.62,61.0,61.13,336100.0,0.0,1.0,0.5957734192709682,0.5993723770690133,0.5933416910290459,0.5946061897148455,16132800.0
1985-02-05,60.88,61.5,60.88,61.25,637100.0,0.0,1.0,0.5921744614729232,0.5982051475128906,0.5921744614729232,0.5957734192709682,30580800.0
1985-02-04,59.75,60.88,59.5,60.88,543900.0,0.0,1.0,0.5811830498194342,0.5921744614729232,0.578751321577512,0.5921744614729232,26107200.0
1985-02-01,60.0,60.0,59.5,59.75,442600.0,0.0,1.0,0.5836147780613566,0.5836147780613566,0.578751321577512,0.5811830498194342,21244800.0
1985-01-31,60.37,60.37,59.75,60.0,400800.0,0.0,1.0,0.5872137358594016,0.5872137358594016,0.5811830498194342,0.5836147780613566,19238400.0
1985-01-30,61.25,61.38,60.25,60.37,417600.0,0.0,1.0,0.5957734192709682,0.5970379179567679,0.5860465063032789,0.5872137358594016,20044800.0
1985-01-29,61.38,61.38,60.25,61.25,456900.0,0.0,1.0,0.5970379179567679,0.5970379179567679,0.5860465063032789,0.5957734192709682,21931200.0
1985-01-28,62.5,62.75,61.5,61.87,255700.0,0.0,1.0,0.6079320604805798,0.6103637887225021,0.5982051475128906,0.6018041053109355,12273600.0
1985-01-25,62.75,62.88,62.25,62.5,332900.0,0.0,1.0,0.6103637887225021,0.6116282874083018,0.6055003322386575,0.6079320604805798,15979200.0
1985-01-24,63.37,63.62,62.5,62.75,352700.0,0.0,1.0,0.6163944747624694,0.6188262030043917,0.6079320604805798,0.6103637887225021,16929600.0
1985-01-23,63.12,63.5,62.75,63.37,230700.0,0.0,1.0,0.6139627465205472,0.617658973448269,0.6103637887225021,0.6163944747624694,11073600.0
1985-01-22,63.25,63.88,62.88,63.12,421400.0,0.0,1.0,0.6152272452063468,0.621355200375991,0.6116282874083018,0.6139627465205472,20227200.0
1985-01-21,62.38,63.62,62.12,63.25,269700.0,0.0,1.0,0.6067648309244571,0.6188262030043917,0.6042358335528578,0.6152272452063468,12945600.0
1985-01-18,62.0,62.75,62.0,62.38,231300.0,0.0,1.0,0.6030686039967351,0.6103637887225021,0.6030686039967351,0.6067648309244571,11102400.0
1985-01-17,63.12,63.12,61.87,61.87,510300.0,0.0,1.0,0.6139627465205472,0.6139627465205472,0.6018041053109355,0.6018041053109355,24494400.0
1985-01-16,63.75,63.75,62.5,63.12,338200.0,0.0,1.0,0.6200907016901914,0.6200907016901914,0.6079320604805798,0.6139627465205472,16233600.0
1985-01-15,64.0,64.25,63.62,63.75,295400.0,0.0,1.0,0.6225224299321137,0.624954158174036,0.6188262030043917,0.6200907016901914,14179200.0
1985-01-14,64.13,64.25,63.62,64.0,257900.0,0.0,1.0,0.6237869286179133,0.624954158174036,0.6188262030043917,0.6225224299321137,12379200.0
1985-01-11,64.38,64.38,63.88,64.13,183900.0,0.0,1.0,0.6262186568598356,0.6262186568598356,0.621355200375991,0.6237869286179133,8827200.0
1985-01-10,63.75,64.5,63.5,64.38,271100.0,0.0,1.0,0.6200907016901914,0.6273858864159584,0.617658973448269,0.6262186568598356,13012800.0
1985-01-09,63.5,64.13,63.5,63.75,298800.0,0.0,1.0,0.617658973448269,0.6237869286179133,0.617658973448269,0.6200907016901914,14342400.0
1985-01-08,62.75,63.12,62.63,62.88,186800.0,0.0,1.0,0.6103637887225021,0.6139627465205472,0.6091965591663794,0.6116282874083018,8966400.0
1985-01-07,62.5,63.25,62.5,62.75,220100.0,0.0,1.0,0.6079320604805798,0.6152272452063468,0.6079320604805798,0.6103637887225021,10564800.0
1985-01-04,62.5,62.5,62.0,62.38,101200.0,0.0,1.0,0.6079320604805798,0.6079320604805798,0.6030686039967351,0.6067648309244571,4857600.0
1985-01-03,62.0,63.5,62.0,62.5,247900.0,0.0,1.0,0.6030686039967351,0.617658973448269,0.6030686039967351,0.6079320604805798,11899200.0
1985-01-02,62.12,62.12,61.62,61.87,183800.0,0.0,1.0,0.6042358335528578,0.6042358335528578,0.5993723770690133,0.6018041053109355,8822400.0
1984-12-31,62.38,62.75,62.25,62.38,164300.0,0.0,1.0,0.6067648309244571,0.6103637887225021,0.6055003322386575,0.6067648309244571,7886400.0